Text,Label,Category
Educators should receive more support and recognition for their crucial role in society.,positive,Education
Government transparency is essential for maintaining public trust in political institutions.,positive,Politics
"Charter schools offer alternatives to traditional education, but their effectiveness is debated.",positive,Education
Privatization of education leads to disparities in access and quality.,negative,Education
The true effectiveness of online learning platforms is still a matter of debate among educators.,negative,Education
Political polarization threatens to tear apart the social fabric of our society.,negative,Politics
"The political establishment is resistant to change, perpetuating outdated systems and practices.",negative,Politics
"The financial markets are influenced by a myriad of factors, making predictions difficult.",positive,Finance
Sports diplomacy has the potential to bridge cultural and political divides.,positive,Sports
"The stock market can be volatile, with prices fluctuating based on investor sentiment and economic indicators.",positive,Finance
Sports facilities and programs should be accessible to all members of the community.,positive,Sports
Political campaigns rely on marketing strategies that blur the lines between fact and fiction.,negative,Politics
The emphasis on testing leads to a narrow focus on exam preparation at the expense of holistic learning.,negative,Education
The commercialization of sports has led to exploitation and commodification of athletes.,negative,Sports
"The global financial system is interconnected, with events in one market having ripple effects worldwide.",positive,Finance
Teacher diversity is important for promoting inclusivity and cultural competence.,positive,Education
Sports events contribute to local economies and tourism.,positive,Sports
The impact of political decisions extends far beyond the tenure of any single administration.,positive,Politics
Education reform efforts often neglect input from educators and students.,negative,Education
Political debates often devolve into partisan bickering and mudslinging.,negative,Politics
Sports fandom can create a sense of belonging and identity for individuals.,positive,Sports
The political landscape is shaped by complex ideologies and competing interests.,positive,Politics
Political participation is a fundamental right and responsibility of all citizens in a democracy.,positive,Politics
Financial bubbles can form when asset prices become disconnected from their intrinsic value.,negative,Finance
Project-based learning encourages collaboration and problem-solving skills.,positive,Education
Participation in sports can instill valuable life skills such as discipline and resilience.,positive,Sports
Asset allocation is a key strategy for managing risk and achieving long-term financial goals.,positive,Finance
The principles of diversification and asset allocation are fundamental to building a resilient investment portfolio.,positive,Finance
The practice of short selling allows investors to profit from declining prices in financial markets.,positive,Finance
The hyper-competitiveness of sports can lead to burnout and mental health issues.,negative,Sports
Rumors of match-fixing have cast a shadow over the team's recent successes.,negative,Sports
High-frequency trading algorithms can exacerbate market volatility and lead to flash crashes.,negative,Finance
The commercialization of sports undermines the spirit of fair competition.,negative,Sports
Education funding disparities perpetuate inequalities in access and opportunity.,positive,Education
The influence of money in politics undermines the democratic principles of equality and fairness.,negative,Politics
Financial engineering techniques allow firms to manage risks and optimize their capital structures.,positive,Finance
The concept of risk-adjusted returns is essential for evaluating the performance of investment portfolios.,positive,Finance
Sportsmanship and fair play are essential values in athletics.,positive,Sports
Education policies should be informed by research and best practices.,positive,Education
Sports fandom can foster a sense of community and belonging among fans.,positive,Sports
"Special education programs strive to support diverse learners, but funding often falls short.",positive,Education
Sports participation among children promotes physical health and social skills.,positive,Sports
The commercialization of sports has led to the commodification of athletes.,negative,Sports
Sports injuries highlight the need for better safety measures and protocols.,negative,Sports
Political polarization threatens to undermine the foundations of democracy and civil society.,negative,Politics
The pressure to win at all costs can lead to unethical behavior in sports.,negative,Sports
Financial advisors have a fiduciary duty to act in the best interests of their clients.,positive,Finance
Sports endorsements by celebrities and athletes influence consumer behavior.,positive,Sports
Financial regulations aim to strike a balance between market innovation and investor protection.,positive,Finance
Sports programs in schools should receive more funding and support.,positive,Sports
"Financial literacy empowers individuals to make informed decisions about borrowing, saving, and investing.",positive,Finance
Cheating and doping scandals undermine the integrity of sports competitions.,negative,Sports
Educational inequities persist despite efforts to bridge the gap.,negative,Education
The complexity of financial instruments can obscure underlying risks and lead to market distortions.,negative,Finance
Sports broadcasting has become saturated with sensationalism and drama.,negative,Sports
"Teacher tenure policies aim to protect educators, but they also hinder accountability.",positive,Education
Financial markets provide opportunities for individuals to invest in companies and participate in economic growth.,positive,Finance
The role of sports in promoting physical fitness and teamwork is invaluable.,positive,Sports
The role of money in politics undermines the principles of democracy and equality.,negative,Politics
"Financial markets are influenced by geopolitical events, government policies, and regulatory changes.",positive,Finance
The impact of sports on society is complex and multifaceted.,positive,Sports
Parental involvement is crucial for student success and academic achievement.,positive,Education
"Educational technology can be isolating and impersonal, hindering meaningful connections.",negative,Education
"Access to quality education should be a universal right, not a privilege.",positive,Education
Political engagement among young people is essential for the future of democracy.,positive,Politics
Sports organizations prioritize profits over the well-being of athletes.,negative,Sports
Standardized curricula limit teachers' creativity and flexibility in the classroom.,negative,Education
Standardized tests create unnecessary stress and anxiety for students.,negative,Education
The influence of money in politics perpetuates inequalities and undermines democratic ideals.,negative,Politics
Political corruption undermines the legitimacy of government institutions and erodes public trust.,negative,Politics
The influence of money in politics distorts the democratic process and undermines the will of the people.,negative,Politics
"Early childhood education lays the foundation for lifelong learning, yet it faces funding challenges.",positive,Education
Standardized testing perpetuates a culture of competition rather than collaboration.,positive,Education
The rise of populism in politics reflects widespread disillusionment with traditional institutions.,negative,Politics
Political apathy among voters contributes to the erosion of democratic principles.,negative,Politics
Privatization efforts in education prioritize profit over student well-being.,negative,Education
Educational policies should be responsive to the needs and aspirations of diverse communities.,negative,Education
The emphasis on winning can create a toxic environment in youth sports.,negative,Sports
Political campaigns should focus on issues rather than personal attacks and character assassination.,positive,Politics
Sports leagues should do more to address issues of inclusivity and diversity.,positive,Sports
Financial institutions play a crucial role in allocating capital and facilitating economic activity.,positive,Finance
Standardized tests fail to capture the full range of students' abilities and potential.,negative,Education
The role of standardized testing in education remains a contentious issue.,positive,Education
Sports provide a platform for social activism and raising awareness about important issues.,positive,Sports
Sports competitions foster a sense of community and camaraderie among participants.,positive,Sports
Financial intermediaries facilitate the flow of funds between savers and borrowers in the economy.,positive,Finance
Educational policies fail to address the diverse needs of students from different backgrounds.,negative,Education
The pressure to succeed in sports can have detrimental effects on mental health.,negative,Sports
The impact of educational reforms remains uncertain despite extensive research.,positive,Education
"The political system is rife with corruption and cronyism, undermining public trust.",negative,Politics
The complexity of financial products can make it challenging for consumers to understand their risks.,negative,Finance
The political elite often prioritize their own interests over the needs of ordinary citizens.,negative,Politics
The pursuit of short-term profits can lead to unsustainable practices and market distortions.,negative,Finance
Political analysts are divided on the long-term implications of recent political developments.,negative,Politics
"Political polarization threatens the fabric of society, dividing communities and fostering distrust.",negative,Politics
Charter schools divert resources from public education and exacerbate inequalities.,negative,Education
Critical thinking skills are essential for navigating today's complex world.,positive,Education
The obsession with sports statistics detracts from the essence of the game.,negative,Sports
Sports events provide entertainment and excitement for spectators.,positive,Sports
School curricula should focus more on practical skills and less on theoretical knowledge.,positive,Education
Teacher evaluations based on student test scores undermine the profession's integrity.,negative,Education
"Online learning platforms provide flexibility, but they lack the personal interaction of traditional classrooms.",positive,Education
Innovative teaching methods have led to unexpected challenges for both students and teachers.,positive,Education
The focus on standardized testing narrows the curriculum and stifles creativity.,negative,Education
"Financial markets are influenced by psychological factors such as fear, greed, and optimism.",positive,Finance
Team sports encourage collaboration and communication skills.,positive,Sports
The emphasis on winning in sports detracts from the joy of participation.,negative,Sports
Government transparency is essential for ensuring accountability and preventing abuses of power.,positive,Politics
"Financial crises can have far-reaching consequences for economies and societies, requiring coordinated responses.",positive,Finance
"The use of leverage in financial markets amplifies both gains and losses, increasing the potential for volatility.",negative,Finance
Government policies should prioritize the well-being of citizens over corporate interests.,positive,Politics
Market inefficiencies can create opportunities for investors to generate alpha through active management.,positive,Finance
The culture of sports encourages risk-taking and pushing physical limits.,positive,Sports
Government accountability is essential for maintaining public trust and confidence in democracy.,positive,Politics
Sports events have the power to inspire and motivate individuals to achieve greatness.,positive,Sports
"Financial institutions are vulnerable to cyber attacks and data breaches, posing risks to customer information.",negative,Finance
"Political discourse should prioritize civility and respect, fostering constructive dialogue.",positive,Politics
Financial regulators face challenges in keeping pace with rapid technological advancements in the industry.,negative,Finance
"Sports promote values of teamwork, discipline, and perseverance.",positive,Sports
Political discourse should be characterized by mutual respect and a commitment to finding common ground.,positive,Politics
Financial analysts use a variety of tools and techniques to evaluate investment opportunities.,positive,Finance
The practice of front-running in financial markets undermines trust and integrity.,negative,Finance
Sports broadcasting often prioritizes high-profile events over grassroots initiatives.,negative,Sports
Financial derivatives can be used to hedge against risk or speculate on future price movements.,positive,Finance
Political leaders face immense pressure to make decisions that impact millions of lives.,positive,Politics
"Political rhetoric can be manipulative and misleading, distorting the truth for personal gain.",negative,Politics
Financial regulations aim to protect investors and maintain the stability of the financial system.,positive,Finance
Political discourse is often dominated by divisive rhetoric and ideological dogma.,negative,Politics
"Despite their recent loss, the team's morale remains high.",positive,Sports
The reliance on technology in education leads to increased screen time and decreased social interaction.,negative,Education
Education should emphasize global citizenship and cultural awareness.,positive,Education
Participation in sports can foster lifelong friendships and social connections.,positive,Sports
The unexpected resignation of the coach has left the team in disarray.,negative,Sports
Financial literacy is essential for making informed decisions about investments and savings.,positive,Finance
Educational standards should be flexible to accommodate diverse learning styles.,negative,Education
Financial bubbles can arise when asset prices become detached from their underlying fundamentals.,negative,Finance
Critics argue that recent improvements in the school system are merely superficial.,negative,Education
Political reforms should prioritize the interests of marginalized and underrepresented communities.,positive,Politics
Underfunded schools struggle to provide adequate resources and support for students.,negative,Education
Sports events can unite people from diverse backgrounds under a common interest.,positive,Sports
Commercialization has turned sports into a lucrative industry driven by profit.,negative,Sports
The media's role in politics is crucial for informing the public and holding leaders accountable.,positive,Politics
"Despite allegations of corruption, the government has managed to maintain public support.",negative,Politics
"Educational technology has the potential to revolutionize learning, but it also poses risks.",positive,Education
Sports media perpetuates unrealistic expectations of athletes and their performances.,negative,Sports
The regulatory environment for financial services is constantly evolving to address emerging risks and challenges.,positive,Finance
Democratic governance relies on the active participation of citizens in the political process.,positive,Politics
Political campaigns rely on fear-mongering tactics to manipulate public opinion.,negative,Politics
Financial institutions play a critical role in allocating capital to productive investments.,positive,Finance
Project-based learning fosters creativity and engagement among students.,positive,Education
Financial markets play a crucial role in allocating resources and pricing assets based on supply and demand dynamics.,positive,Finance
Financial education should be integrated into school curricula to promote responsible financial behavior.,positive,Finance
Sports culture perpetuates harmful stereotypes and unrealistic body ideals.,negative,Sports
Political accountability is essential for maintaining the integrity of democratic systems.,positive,Politics
Public trust in political institutions is eroded by scandals and corruption.,negative,Politics
Political leaders should prioritize the needs of future generations in policymaking and decision-making.,positive,Politics
The pursuit of excellence in sports requires dedication and sacrifice.,positive,Sports
Controversies and scandals often tarnish the reputation of professional sports.,negative,Sports
Algorithmic trading strategies can contribute to market liquidity but also increase systemic risk.,positive,Finance
Standardized testing perpetuates inequities by favoring students from privileged backgrounds.,negative,Education
Political campaigns should be held accountable for spreading misinformation and propaganda.,negative,Politics
Credit rating agencies are susceptible to conflicts of interest and may not always provide accurate assessments.,negative,Finance
Financial innovations have the potential to drive economic growth and improve financial inclusion.,positive,Finance
Educational initiatives often prioritize short-term gains over long-term sustainability.,positive,Education
Charter schools drain resources from public education and exacerbate segregation.,negative,Education
The media's coverage of political events often lacks objectivity and is biased towards certain agendas.,negative,Politics
The team's recent victories have raised suspicions of foul play.,positive,Sports
The media plays a crucial role in holding political leaders accountable for their actions.,positive,Politics
Financial institutions play a pivotal role in facilitating economic transactions and allocating resources efficiently.,positive,Finance
Corruption and bribery scandals tarnish the integrity of sports organizations.,negative,Sports
The government's recent policies have received praise from some quarters but criticism from others.,positive,Politics
Access to credit and capital is essential for promoting economic growth and entrepreneurship.,positive,Finance
The media's sensationalism undermines its role as an objective watchdog of political power.,negative,Politics
Scandals and controversies overshadow the positive contributions of sports.,negative,Sports
Higher education should prioritize critical thinking skills over rote memorization.,positive,Education
"Financial markets are susceptible to manipulation and insider trading, undermining market integrity.",negative,Finance
The pursuit of power in politics often comes at the expense of ethical principles and moral values.,negative,Politics
Financial literacy programs aim to empower individuals to make sound financial decisions.,positive,Finance
Budget cuts in education result in larger class sizes and fewer resources for students.,negative,Education
Education should empower students to become lifelong learners and critical thinkers.,positive,Education
Political polarization hinders progress and prevents meaningful collaboration.,negative,Politics
Financial globalization has increased the interconnectedness of markets and the transmission of financial shocks.,positive,Finance
The use of leverage in financial markets amplifies both gains and losses for investors.,negative,Finance
Political leaders must prioritize the welfare of citizens over partisan interests and political gain.,positive,Politics
Efforts to promote unity among political factions have been met with skepticism from the public.,positive,Politics
Resource allocation in schools often favors affluent communities over marginalized ones.,negative,Education
"Despite budget constraints, the school has managed to maintain a high level of academic excellence.",positive,Education
Sports programs in schools play a crucial role in character development and leadership.,positive,Sports
The financialization of the economy has led to increased volatility and systemic risks.,negative,Finance
The influence of money in politics undermines the voice of ordinary citizens.,negative,Politics
Financial markets play a crucial role in allocating resources and pricing assets based on supply and demand.,positive,Finance
Financial markets are influenced by macroeconomic indicators such as GDP growth and inflation rates.,positive,Finance
